time,alt,setpoint
0,0.000859168948053934,2.5
0.0199999958276749,0.000253623096028832,2.5
0.0399999916553497,0.00105298016923427,2.5
0.0599999874830246,0.436952893481504,2.5
0.0799999833106995,0.802869349267525,2.5
0.0999999791383743,1.13398943673957,2.5
0.119999974966049,1.41458374987924,2.5
0.139999970793724,1.65207463208183,2.5
0.159999966621399,1.84716995299259,2.5
0.179999962449074,2.0048960387517,2.5
0.199999958276749,2.12957723628858,2.5
0.219999954104424,2.2262369588102,2.5
0.239999949932098,2.2995881274723,2.5
0.259999945759773,2.35409469146249,2.5
0.279999941587448,2.39372388242013,2.5
0.299999937415123,2.42191687563187,2.5
0.319999933242798,2.44155177144724,2.5
0.339999929070473,2.45496873441832,2.5
0.359999924898148,2.46401173505706,2.5
0.379999920725822,2.47008996855804,2.5
0.399999916553497,2.47424453468088,2.5
0.419999912381172,2.47721577903968,2.5
0.439999908208847,2.4795064878325,2.5
0.459999904036522,2.48143869387236,2.5
0.479999899864197,2.48320234034446,2.5
0.499999895691872,2.48489528041416,2.5
0.519999891519547,2.48655469769592,2.5
0.539999887347221,2.48818080290843,2.5
0.559999883174896,2.48975464395035,2.5
0.579999879002571,2.49125028859106,2.5
0.599999874830246,2.49264228154317,2.5
0.619999870657921,2.49391009970047,2.5
0.639999866485596,2.49504047168634,2.5
0.659999862313271,2.4960273194761,2.5
0.679999858140945,2.49687142231333,2.5
0.69999985396862,2.49757909651163,2.5
0.719999849796295,2.49816065949922,2.5
0.73999984562397,2.4986292316936,2.5
0.759999841451645,2.49899938456782,2.5
0.77999983727932,2.49928588177171,2.5
0.799999833106995,2.49950300425272,2.5
0.819999828934669,2.49966388493948,2.5
0.839999824762344,2.49978041266921,2.5
0.859999820590019,2.49986269159291,2.5
0.879999816417694,2.49991940518942,2.5
0.899999812245369,2.49995723008193,2.5
0.919999808073044,2.49998185112736,2.5
0.939999803900719,2.49999717575562,2.5
0.959999799728394,2.5000063525174,2.5
0.979999795556068,2.50001155246046,2.5
0.999999791383743,2.50001448611079,2.5
1.01999978721142,2.50001598660322,2.5
1.03999978303909,2.50001685979798,2.5
1.05999977886677,2.50001738106219,2.5
1.07999977469444,2.50001769644874,2.5
1.09999977052212,2.50001797508006,2.5
1.11999976634979,2.50001818694906,2.5
1.13999976217747,2.500018318439,2.5
1.15999975800514,2.50001815314162,2.5
1.17999975383282,2.50001788888306,2.5
1.19999974966049,2.50001735456846,2.5
1.21999974548817,2.50001669236104,2.5
1.23999974131584,2.50001576572492,2.5
1.25999973714352,2.50001468329897,2.5
1.27999973297119,2.50001343609716,2.5
1.29999972879887,2.50001213205994,2.5
1.31999972462654,2.50001085837425,2.5
1.33999972045422,2.50000966296999,2.5
1.35999971628189,2.50000851244216,2.5
1.37999971210957,2.50000753695385,2.5
1.39999970793724,2.50000659379839,2.5
1.41999970376492,2.5000056859145,2.5
1.43999969959259,2.50000495719419,2.5
1.45999969542027,2.50000424570767,2.5
1.47999969124794,2.50000379074537,2.5
1.49999968707561,2.5000034791248,2.5
1.51999968290329,2.50000327525601,2.5
1.53999967873096,2.50000318093207,2.5
1.55999967455864,2.50000342090731,2.5
1.57999967038631,2.50000360502189,2.5
1.59999966621399,2.50000391051128,2.5
1.61999966204166,2.50000424973724,2.5
1.63999965786934,2.50000474657789,2.5
1.65999965369701,2.50000527125979,2.5
1.67999964952469,2.50000580717952,2.5
1.69999964535236,2.50000635677223,2.5
1.71999964118004,2.50000711902169,2.5
1.73999963700771,2.5000077315063,2.5
1.75999963283539,2.50000841454735,2.5
1.77999962866306,2.5000090796548,2.5
1.79999962449074,2.50000986311289,2.5
1.81999962031841,2.50001063335706,2.5
1.83999961614609,2.50001136352756,2.5
1.85999961197376,2.50001215340794,2.5
1.87999960780144,2.50001294313456,2.5
1.89999960362911,2.50001372748571,2.5
1.91999959945679,2.50001442503618,2.5
1.93999959528446,2.50001512186959,2.5
1.95999959111214,2.50001580527358,2.5
1.97999958693981,2.50001649852693,2.5
1.99999958276749,2.50001717530397,2.5
2.01999957859516,2.50001776819427,2.5
2.03999957442284,2.50001835047227,2.5
2.05999957025051,2.50001891479165,2.5
2.07999956607819,2.50001945265721,2.5
2.09999956190586,2.50001991272984,2.5
2.11999955773354,2.50002017575439,2.5
2.13999955356121,2.50002060994085,2.5
2.15999954938889,2.50002101443968,2.5
2.17999954521656,2.50002137593336,2.5
2.19999954104424,2.50002174849023,2.5
2.21999953687191,2.50002196999324,2.5
2.23999953269959,2.50002222798956,2.5
2.25999952852726,2.50002247360526,2.5
2.27999952435493,2.50002267383746,2.5
2.29999952018261,2.5000229138371,2.5
2.31999951601028,2.50002312663713,2.5
2.33999951183796,2.5000232774197,2.5
2.35999950766563,2.50002330334424,2.5
2.37999950349331,2.50002347469055,2.5
2.39999949932098,2.50002347710264,2.5
2.41999949514866,2.50002347142132,2.5
2.43999949097633,2.50002337776272,2.5
2.45999948680401,2.50002325221539,2.5
2.47999948263168,2.50002315788264,2.5
2.49999947845936,2.50002295027635,2.5
2.51999947428703,2.5000226728354,2.5
2.53999947011471,2.50002250164331,2.5
2.55999946594238,2.50002226116008,2.5
2.57999946177006,2.50002216450928,2.5
2.59999945759773,2.50002203556396,2.5
2.61999945342541,2.50002192835332,2.5
2.63999944925308,2.50002174666768,2.5
2.65999944508076,2.50002161692002,2.5
2.67999944090843,2.50002146724761,2.5
2.69999943673611,2.50002132210213,2.5
2.71999943256378,2.50002110845169,2.5
2.73999942839146,2.5000210003189,2.5
2.75999942421913,2.50002086757442,2.5
2.77999942004681,2.50002080614885,2.5
2.79999941587448,2.50002068532802,2.5
2.81999941170216,2.50002052912177,2.5
2.83999940752983,2.50002046396325,2.5
2.85999940335751,2.50002022822731,2.5
2.87999939918518,2.50002011021185,2.5
2.89999939501286,2.50002000686324,2.5
2.91999939084053,2.50001989290161,2.5
2.93999938666821,2.50001981688919,2.5
2.95999938249588,2.50001979744378,2.5
2.97999937832356,2.50001964391998,2.5
2.99999937415123,2.5000195250684,2.5
3.0199993699789,2.50001933340069,2.5
3.03999936580658,2.50001912630276,2.5
3.05999936163425,2.50001894095077,2.5
3.07999935746193,2.50001883041163,2.5
3.0999993532896,2.50001877811992,2.5
3.11999934911728,2.50001875303299,2.5
3.13999934494495,2.50001875888886,2.5
3.15999934077263,2.50001872794992,2.5
3.1799993366003,2.50001863311334,2.5
3.19999933242798,2.50001846799707,2.5
3.21999932825565,2.50001824177286,2.5
3.23999932408333,2.50001812729798,2.5
3.259999319911,2.50001795950469,2.5
3.27999931573868,2.50001782646119,2.5
3.29999931156635,2.50001767796134,2.5
3.31999930739403,2.50001765275798,2.5
3.3399993032217,2.50001755188605,2.5
3.35999929904938,2.50001752192551,2.5
3.37999929487705,2.5000173674334,2.5
3.39999929070473,2.50001727576574,2.5
3.4199992865324,2.50001711457692,2.5
3.43999928236008,2.5000169896479,2.5
3.45999927818775,2.50001692577457,2.5
3.47999927401543,2.50001692283558,2.5
3.4999992698431,2.50001696172734,2.5
3.51999926567078,2.50001697688847,2.5
3.53999926149845,2.50001691726294,2.5
3.55999925732613,2.50001687819636,2.5
3.5799992531538,2.50001682252727,2.5
3.59999924898148,2.50001668899726,2.5
3.61999924480915,2.5000165715747,2.5
3.63999924063683,2.50001655870834,2.5
3.6599992364645,2.5000164552915,2.5
3.67999923229218,2.500016457276,2.5
3.69999922811985,2.50001635579432,2.5
3.71999922394753,2.50001629507445,2.5
3.7399992197752,2.50001624614748,2.5
3.75999921560287,2.50001624600257,2.5
3.77999921143055,2.5000161998918,2.5
3.79999920725822,2.50001614150281,2.5
3.8199992030859,2.50001612824001,2.5
3.83999919891357,2.50001621847338,2.5
3.85999919474125,2.50001627542699,2.5
3.87999919056892,2.50001625194319,2.5
3.8999991863966,2.50001627861222,2.5
3.91999918222427,2.50001631101139,2.5
3.93999917805195,2.50001628782583,2.5
3.95999917387962,2.50001619288155,2.5
3.9799991697073,2.50001617076428,2.5
3.99999916553497,2.50001610287561,2.5
4.01999916136265,2.50001608649306,2.5
4.03999915719032,2.50001603526091,2.5
4.059999153018,2.50001591220209,2.5
4.07999914884567,2.50001582445485,2.5
4.09999914467335,2.50001577116869,2.5
4.11999914050102,2.50001586262775,2.5
4.1399991363287,2.50001588969012,2.5
4.15999913215637,2.50001582500531,2.5
4.17999912798405,2.50001579779712,2.5
4.19999912381172,2.5000157446503,2.5
4.2199991196394,2.50001575843001,2.5
4.23999911546707,2.50001568332495,2.5
4.25999911129475,2.50001561954916,2.5
4.27999910712242,2.50001548410026,2.5
4.2999991029501,2.5000155398417,2.5
4.31999909877777,2.50001561584079,2.5
4.33999909460545,2.50001563241719,2.5
4.35999909043312,2.50001560597252,2.5
4.3799990862608,2.50001553677474,2.5
4.39999908208847,2.50001561898314,2.5
4.41999907791615,2.50001558063839,2.5
4.43999907374382,2.5000155532188,2.5
4.4599990695715,2.50001555770871,2.5
4.47999906539917,2.5000155251186,2.5
4.49999906122684,2.50001553599232,2.5
4.51999905705452,2.50001553286612,2.5
4.53999905288219,2.50001547119543,2.5
4.55999904870987,2.50001543158754,2.5
4.57999904453754,2.50001538771009,2.5
4.59999904036522,2.50001529426082,2.5
4.61999903619289,2.50001537808014,2.5
4.63999903202057,2.50001540812893,2.5
4.65999902784824,2.50001543735875,2.5
4.67999902367592,2.50001544421808,2.5
4.69999901950359,2.50001538528649,2.5
4.71999901533127,2.50001533021755,2.5
4.73999901115894,2.50001534775016,2.5
4.75999900698662,2.50001543298642,2.5
4.77999900281429,2.50001550824685,2.5
4.79999899864197,2.5000156136341,2.5
4.81999899446964,2.50001558673098,2.5
4.83999899029732,2.5000156035196,2.5
4.85999898612499,2.50001555030367,2.5
4.87999898195267,2.5000154948381,2.5
4.89999897778034,2.5000155215649,2.5
4.91999897360802,2.50001552042848,2.5
4.93999896943569,2.50001548469332,2.5
4.95999896526337,2.50001540899883,2.5
4.97999896109104,2.50001533029671,2.5
4.99999895691872,2.50001524628991,2.5
5.01999895274639,2.50001514357484,2.5
5.03999894857407,2.50001502791181,2.5
5.05999894440174,2.50001496809897,2.5
5.07999894022942,2.50001496850639,2.5
5.09999893605709,2.50001494355685,2.5
5.11999893188477,2.5000150533665,2.5
5.13999892771244,2.50001510978812,2.5
5.15999892354012,2.50001516858252,2.5
5.17999891936779,2.50001518582268,2.5
5.19999891519547,2.50001516076328,2.5
5.21999891102314,2.50001522637027,2.5
5.23999890685081,2.50001519619006,2.5
5.25999890267849,2.50001528335794,2.5
5.27999889850616,2.50001531388121,2.5
5.29999889433384,2.50001536798243,2.5
5.31999889016151,2.50001535899332,2.5
5.33999888598919,2.50001520847427,2.5
5.35999888181686,2.50001511428178,2.5
5.37999887764454,2.50001503668574,2.5
5.39999887347221,2.50001507985517,2.5
5.41999886929989,2.50001510003085,2.5
5.43999886512756,2.50001510519968,2.5
5.45999886095524,2.50001506452159,2.5
5.47999885678291,2.50001501280963,2.5
5.49999885261059,2.50001491931673,2.5
5.51999884843826,2.50001488725246,2.5
5.53999884426594,2.50001496801643,2.5
5.55999884009361,2.50001500685967,2.5
5.57999883592129,2.50001506219816,2.5
5.59999883174896,2.50001513995146,2.5
5.61999882757664,2.50001519106274,2.5
5.63999882340431,2.50001516572111,2.5
5.65999881923199,2.500015191565,2.5
5.67999881505966,2.5000151707289,2.5
5.69999881088734,2.50001529070046,2.5
5.71999880671501,2.50001526034427,2.5
5.73999880254269,2.50001547625178,2.5
5.75999879837036,2.50001552593304,2.5
5.77999879419804,2.50001553399636,2.5
5.79999879002571,2.50001546437261,2.5
5.81999878585339,2.5000153957759,2.5
5.83999878168106,2.50001534150107,2.5
5.85999877750874,2.50001524935676,2.5
5.87999877333641,2.50001520533178,2.5
5.89999876916409,2.50001522363044,2.5
5.91999876499176,2.50001513672943,2.5
5.93999876081944,2.50001508140032,2.5
5.95999875664711,2.50001493518158,2.5
5.97999875247478,2.50001485454958,2.5
5.99999874830246,2.50001487925181,2.5
6.01999874413013,2.50001494132626,2.5
6.03999873995781,2.50001505122499,2.5
6.05999873578548,2.50001519140241,2.5
6.07999873161316,2.50001531658103,2.5
6.09999872744083,2.50001534063964,2.5
6.11999872326851,2.50001533060933,2.5
6.13999871909618,2.50001523358132,2.5
6.15999871492386,2.50001519369512,2.5
6.17999871075153,2.50001513207262,2.5
6.19999870657921,2.50001505311877,2.5
6.21999870240688,2.50001515752095,2.5
6.23999869823456,2.50001517068803,2.5
6.25999869406223,2.50001521778204,2.5
6.27999868988991,2.50001514408913,2.5
6.29999868571758,2.50001509850694,2.5
6.31999868154526,2.50001500486196,2.5
6.33999867737293,2.50001501685293,2.5
6.35999867320061,2.50001503844817,2.5
6.37999866902828,2.50001498643087,2.5
6.39999866485596,2.50001493076398,2.5
6.41999866068363,2.50001492186421,2.5
6.43999865651131,2.50001493296247,2.5
6.45999865233898,2.50001486835133,2.5
6.47999864816666,2.50001489847838,2.5
6.49999864399433,2.50001496362253,2.5
6.51999863982201,2.50001500761545,2.5
6.53999863564968,2.50001506195427,2.5
6.55999863147736,2.50001518969351,2.5
6.57999862730503,2.50001520681825,2.5
6.59999862313271,2.5000152721193,2.5
6.61999861896038,2.50001523630073,2.5
6.63999861478806,2.50001520302339,2.5
6.65999861061573,2.50001517026703,2.5
6.67999860644341,2.50001511044466,2.5
6.69999860227108,2.50001507991561,2.5
6.71999859809875,2.50001513801115,2.5
6.73999859392643,2.50001525094869,2.5
6.7599985897541,2.5000152129319,2.5
6.77999858558178,2.50001523876344,2.5
6.79999858140945,2.50001520437036,2.5
6.81999857723713,2.50001514892168,2.5
6.8399985730648,2.50001520120071,2.5
6.85999856889248,2.50001521313642,2.5
6.87999856472015,2.50001516705761,2.5
6.89999856054783,2.50001511401,2.5
6.9199985563755,2.50001501952609,2.5
6.93999855220318,2.50001494050073,2.5
6.95999854803085,2.50001497318864,2.5
6.97999854385853,2.50001493933421,2.5
6.9999985396862,2.50001483824612,2.5
7.01999853551388,2.50001479256825,2.5
7.03999853134155,2.50001484276338,2.5
7.05999852716923,2.50001487633801,2.5
7.0799985229969,2.50001490618766,2.5
7.09999851882458,2.50001503301924,2.5
7.11999851465225,2.50001513455607,2.5
7.13999851047993,2.50001513355065,2.5
7.1599985063076,2.50001515475327,2.5
7.17999850213528,2.50001515657281,2.5
7.19999849796295,2.5000151193865,2.5
7.21999849379063,2.50001509696077,2.5
7.2399984896183,2.50001522750875,2.5
7.25999848544598,2.50001520777548,2.5
7.27999848127365,2.50001518759582,2.5
7.29999847710133,2.50001513208025,2.5
7.319998472929,2.50001513175346,2.5
7.33999846875668,2.50001512781908,2.5
7.35999846458435,2.50001513902227,2.5
7.37999846041203,2.50001509750869,2.5
7.3999984562397,2.5000151681578,2.5
7.41999845206738,2.50001517663316,2.5
7.43999844789505,2.50001516263303,2.5
7.45999844372272,2.50001525954606,2.5
7.4799984395504,2.50001529837684,2.5
7.49999843537807,2.50001534625036,2.5
7.51999843120575,2.5000153868005,2.5
7.53999842703342,2.50001531129585,2.5
7.5599984228611,2.500015183991,2.5
7.57999841868877,2.50001504595586,2.5
7.59999841451645,2.50001502312243,2.5
7.61999841034412,2.50001493823495,2.5
7.6399984061718,2.50001489928377,2.5
7.65999840199947,2.50001486848363,2.5
7.67999839782715,2.50001477847596,2.5
7.69999839365482,2.50001466819873,2.5
7.7199983894825,2.5000147513059,2.5
7.73999838531017,2.50001477446625,2.5
7.75999838113785,2.50001480400586,2.5
7.77999837696552,2.50001491256492,2.5
7.7999983727932,2.5000149291419,2.5
7.81999836862087,2.500014938093,2.5
7.83999836444855,2.50001491064194,2.5
7.85999836027622,2.50001498104183,2.5
7.8799983561039,2.5000150450967,2.5
7.89999835193157,2.50001513599477,2.5
7.91999834775925,2.50001516985463,2.5
7.93999834358692,2.50001523060489,2.5
7.9599983394146,2.50001521977995,2.5
7.97999833524227,2.50001527347597,2.5
7.99999833106995,2.50001522196074,2.5
8.01999832689762,2.50001515884532,2.5
8.0399983227253,2.50001506859137,2.5
8.05999831855297,2.50001513407072,2.5
8.07999831438065,2.50001513161884,2.5
8.09999831020832,2.50001508794018,2.5
8.119998306036,2.50001499844613,2.5
8.13999830186367,2.50001498227429,2.5
8.15999829769135,2.50001503235835,2.5
8.17999829351902,2.5000150017174,2.5
8.19999828934669,2.50001500007757,2.5
8.21999828517437,2.50001494663844,2.5
8.23999828100204,2.50001493564203,2.5
8.25999827682972,2.50001488555964,2.5
8.27999827265739,2.50001491018345,2.5
8.29999826848507,2.50001490019251,2.5
8.31999826431274,2.50001483802185,2.5
8.33999826014042,2.50001482748633,2.5
8.35999825596809,2.50001471123595,2.5
8.37999825179577,2.50001484592326,2.5
8.39999824762344,2.50001485390233,2.5
8.41999824345112,2.50001490084857,2.5
8.43999823927879,2.50001496884582,2.5
8.45999823510647,2.50001501775968,2.5
8.47999823093414,2.50001500425103,2.5
8.49999822676182,2.50001506999236,2.5
8.51999822258949,2.50001511694734,2.5
8.53999821841717,2.50001511503518,2.5
8.55999821424484,2.50001512762947,2.5
8.57999821007252,2.50001508524367,2.5
8.59999820590019,2.50001506878742,2.5
8.61999820172787,2.50001503611408,2.5
8.63999819755554,2.50001502452101,2.5
8.65999819338322,2.50001503217121,2.5
8.67999818921089,2.50001502884305,2.5
8.69999818503857,2.50001506945517,2.5
8.71999818086624,2.50001511506238,2.5
8.73999817669392,2.50001503903985,2.5
8.75999817252159,2.50001512018987,2.5
8.77999816834927,2.50001509786502,2.5
8.79999816417694,2.50001508273486,2.5
8.81999816000462,2.50001504774173,2.5
8.83999815583229,2.5000150852804,2.5
8.85999815165997,2.50001511049398,2.5
8.87999814748764,2.50001517489619,2.5
8.89999814331532,2.5000151812219,2.5
8.91999813914299,2.50001515567129,2.5
8.93999813497067,2.5000151340631,2.5
8.95999813079834,2.50001504291198,2.5
8.97999812662601,2.50001499034911,2.5
8.99999812245369,2.50001505513565,2.5
9.01999811828136,2.50001506350222,2.5
9.03999811410904,2.50001506849476,2.5
9.05999810993671,2.50001510484095,2.5
9.07999810576439,2.50001501487789,2.5
9.09999810159206,2.50001492195527,2.5
9.11999809741974,2.50001479166757,2.5
9.13999809324741,2.50001474418318,2.5
9.15999808907509,2.50001479118097,2.5
9.17999808490276,2.50001482707373,2.5
9.19999808073044,2.50001484867661,2.5
9.21999807655811,2.5000149017812,2.5
9.23999807238579,2.50001488833222,2.5
9.25999806821346,2.50001489347152,2.5
9.27999806404114,2.50001487916919,2.5
9.29999805986881,2.50001487198527,2.5
9.31999805569649,2.50001479390491,2.5
9.33999805152416,2.50001480925262,2.5
9.35999804735184,2.50001478221152,2.5
9.37999804317951,2.50001486620074,2.5
9.39999803900719,2.5000147952218,2.5
9.41999803483486,2.50001495055605,2.5
9.43999803066254,2.50001507727622,2.5
9.45999802649021,2.50001516502444,2.5
9.47999802231789,2.50001515999254,2.5
9.49999801814556,2.50001522565215,2.5
9.51999801397324,2.50001520273216,2.5
9.53999800980091,2.5000151545849,2.5
9.55999800562859,2.50001518944015,2.5
9.57999800145626,2.50001519049805,2.5
9.59999799728394,2.50001509872966,2.5
9.61999799311161,2.5000150574224,2.5
9.63999798893929,2.50001504764657,2.5
9.65999798476696,2.50001504438561,2.5
9.67999798059464,2.50001496656157,2.5
9.69999797642231,2.50001499406196,2.5
9.71999797224998,2.50001504287766,2.5
9.73999796807766,2.50001515532026,2.5
9.75999796390533,2.50001513400434,2.5
9.77999795973301,2.50001504003296,2.5
9.79999795556068,2.50001485744578,2.5
9.81999795138836,2.50001484102006,2.5
9.83999794721603,2.50001474494425,2.5
9.85999794304371,2.50001477876218,2.5
9.87999793887138,2.50001472698149,2.5
9.89999793469906,2.50001478523251,2.5
9.91999793052673,2.50001481377667,2.5
9.93999792635441,2.50001487856036,2.5
9.95999792218208,2.50001490119971,2.5
9.97999791800976,2.50001495528153,2.5
9.99999791383743,2.5000150119261,2.5
10.0199979096651,2.50001505954187,0
10.0399979054928,2.50001511153553,0
10.0599979013205,2.50001516213199,0
10.0799978971481,2.30481693932143,0
10.0999978929758,2.10962751564736,0
10.1199978888035,1.91444915630706,0
10.1399978846312,1.71928159804089,0
10.1599978804588,1.52412324015681,0
10.1799978762865,1.32897257735087,0
10.1999978721142,1.13382849150521,0
10.2199978679419,0.938690077282686,0
10.2399978637695,0.74355660546432,0
10.2599978595972,0.54842714988493,0
10.2799978554249,0.353300857851664,0
10.2999978512526,0.158176802646381,0
10.3199978470802,-0.0369459844776969,0
10.3399978429079,-0.232068326790667,0
10.3599978387356,-0.427189871966846,0
10.3799978345633,-0.613787021293234,0
10.3999978303909,-0.754631040081591,0
10.4199978262186,-0.84581630350921,0
10.4399978220463,-0.885405834104432,0
10.459997817874,-0.880221723744853,0
10.4799978137016,-0.838901687378055,0
10.4999978095293,-0.771523489508951,0
10.519997805357,-0.687623420423009,0
10.5399978011847,-0.595640960957866,0
10.5599977970123,-0.502413744291573,0
10.57999779284,-0.413101245088043,0
10.5999977886677,-0.331246427682586,0
10.6199977844954,-0.25897716759448,0
10.639997780323,-0.19725587157518,0
10.6599977761507,-0.146149565851857,0
10.6799977719784,-0.105085073790562,0
10.6999977678061,-0.0730752517655873,0
10.7199977636337,-0.0489069514147218,0
10.7399977594614,-0.0312863771782617,0
10.7599977552891,-0.0189467532525924,0
10.7799977511168,-0.0107197499974916,0
10.7999977469444,-0.00557857995218569,0
10.8199977427721,-0.00265771788080826,0
10.8399977385998,-0.00125541568894505,0
10.8599977344275,-0.000824556612030847,0
10.8799977302551,-0.000955837405768989,0
10.8999977260828,-0.00135734434844892,0
10.9199977219105,-0.00183316220527274,0
10.9399977177382,-0.00226223012596449,0
10.9599977135658,-0.00257956933961623,0
10.9799977093935,-0.00275997804095596,0
10.9999977052212,-0.00280464687661208,0
11.0199977010489,-0.00273092714147083,0
11.0399976968765,-0.00256387634941291,0
11.0599976927042,-0.00233132873211162,0
11.0799976885319,-0.00205968362054421,0
11.0999976843596,-0.00177191692220902,0
11.1199976801872,-0.00148648075514757,0
11.1399976760149,-0.00121704150275548,0
11.1599976718426,-0.000972698949837536,0
11.1799976676703,-0.000758814268436936,0
11.1999976634979,-0.000577357142333312,0
11.2199976593256,-0.00042782538734798,0
11.2399976551533,-0.00030826360539038,0
11.2599976509809,-0.000215318850749213,0
11.2799976468086,-0.000145301553075683,0
11.2999976426363,-9.43051905721859E-05,0
11.319997638464,-5.85787533395887E-05,0
11.3399976342916,-3.46384991019022E-05,0
11.3599976301193,-1.96056135877143E-05,0
11.379997625947,-1.09072688871947E-05,0
11.3999976217747,-6.52853262295139E-06,0
11.4199976176023,-5.00917869317163E-06,0
11.43999761343,-5.07028626373085E-06,0
11.4599976092577,-5.97502000232453E-06,0
11.4799976050854,-7.00786453933233E-06,0
11.499997600913,-7.96056099261477E-06,0
11.5199975967407,-8.69097461020374E-06,0
11.5399975925684,-9.00618429966471E-06,0
11.5599975883961,-8.92541376629197E-06,0
11.5799975842237,-8.60845597117077E-06,0
11.5999975800514,-7.9958993666196E-06,0
11.6199975758791,-7.20559681610666E-06,0
11.6399975717068,-6.29766873316839E-06,0
11.6599975675344,-5.3941716657846E-06,0
11.6799975633621,-4.47426994298894E-06,0
11.6999975591898,-3.61584871200193E-06,0
11.7199975550175,-2.81187611506084E-06,0
11.7399975508451,-2.09533821760033E-06,0
11.7599975466728,-1.57221268182184E-06,0
11.7799975425005,-1.1889620736838E-06,0
11.7999975383282,-8.64662354160828E-07,0
11.8199975341558,-6.26995060315494E-07,0
11.8399975299835,-4.5862063302593E-07,0
11.8599975258112,-3.16182067194859E-07,0
11.8799975216389,-1.86230550980326E-07,0
11.8999975174665,-1.64779521583114E-07,0
11.9199975132942,-1.26232492903E-07,0
11.9399975091219,-8.43107130776843E-08,0
11.9599975049496,7.20996240488603E-09,0
11.9799975007772,1.70279008671059E-07,0
11.9999974966049,1.7839214194737E-07,0
12.0199974924326,1.82892961220205E-07,0
12.0399974882603,1.70884106864833E-07,0
12.0599974840879,1.00940582115072E-07,0
12.0799974799156,1.30739763903875E-07,0
12.0999974757433,7.2700458986219E-08,0
12.119997471571,5.53908421352389E-08,0
12.1399974673986,3.05720817550537E-08,0
12.1599974632263,-6.18152284914686E-09,0
12.179997459054,-3.85810352554472E-08,0
12.1999974548817,-1.51906220935416E-08,0
12.2199974507093,-1.95547045223066E-08,0
12.239997446537,-3.19013082616948E-08,0
12.2599974423647,-1.10936113628668E-07,0
12.2799974381924,-1.09826586935924E-07,0
12.29999743402,-2.09179503940504E-07,0
12.3199974298477,-2.30135754009098E-07,0
12.3399974256754,-2.95701198638199E-07,0
12.3599974215031,-2.41605391693156E-07,0
12.3799974173307,-1.72646849705416E-07,0
12.3999974131584,-1.71277960703264E-07,0
12.4199974089861,-2.18569724097506E-07,0
12.4399974048138,-2.31914171422432E-07,0
12.4599974006414,-1.46649725252246E-07,0
12.4799973964691,-7.21638997447371E-08,0
12.4999973922968,1.97772465071466E-09,0
12.5199973881245,-1.77478369778328E-08,0
12.5399973839521,6.29355128012321E-08,0
12.5599973797798,-2.22129727944775E-08,0
12.5799973756075,-5.81181041070522E-08,0
12.5999973714352,-5.62813369242576E-08,0
12.6199973672628,-5.41785283303398E-08,0
12.6399973630905,-2.78014482546496E-08,0
12.6599973589182,-3.07654630660181E-08,0
12.6799973547459,-6.29633944981833E-08,0
12.6999973505735,-4.43075265366133E-08,0
12.7199973464012,1.68063252203865E-08,0
12.7399973422289,-1.51715227048044E-08,0
12.7599973380566,2.1900788738094E-08,0
12.7799973338842,8.25133241733056E-08,0
12.7999973297119,1.31321272078821E-07,0
12.8199973255396,1.35515975330236E-07,0
12.8399973213673,9.54124175223114E-08,0
12.8599973171949,4.61224374248559E-08,0
12.8799973130226,1.5479713511013E-08,0
12.8999973088503,1.82415789140578E-08,0
12.919997304678,-3.50929951764556E-09,0
12.9399973005056,-3.07467473703582E-09,0
12.9599972963333,-2.05041175149745E-08,0
12.979997292161,-3.25416351643071E-08,0
12.9999972879887,-4.23317203512852E-09,0
13.0199972838163,-7.13634022986298E-08,0
13.039997279644,-7.94901069411935E-08,0
13.0599972754717,-9.25608247825949E-08,0
13.0799972712994,-1.21338644021307E-07,0
13.099997267127,-1.06041937897317E-07,0
13.1199972629547,-6.69416237997211E-08,0
13.1399972587824,-1.21049026802211E-07,0
13.1599972546101,-1.12355806436426E-07,0
13.1799972504377,-1.58244191084123E-07,0
13.1999972462654,-6.64853274656707E-08,0
13.2199972420931,-1.55224029185774E-08,0
13.2399972379208,2.37364901067849E-08,0
13.2599972337484,2.46666189696043E-08,0
13.2799972295761,5.92495865703313E-08,0
13.2999972254038,1.00253672030703E-07,0
13.3199972212315,6.94382578103614E-08,0
13.3399972170591,2.62682391394264E-08,0
13.3599972128868,3.26089946156571E-08,0
13.3799972087145,1.06792569454228E-07,0
13.3999972045422,9.16101470238573E-08,0
13.4199972003698,1.42619285270484E-07,0
13.4399971961975,1.39323887538012E-07,0
13.4599971920252,1.02945904245644E-07,0
13.4799971878529,8.03315742814448E-08,0
13.4999971836805,2.70702571469883E-08,0
13.5199971795082,6.16750384097031E-08,0
13.5399971753359,8.28218418291726E-08,0
13.5599971711636,1.08104401874698E-07,0
13.5799971669912,7.8350311127906E-08,0
13.5999971628189,4.00920328047505E-08,0
13.6199971586466,7.70913004544127E-08,0
13.6399971544743,3.73852770962912E-08,0
13.6599971503019,-2.60245229810607E-08,0
13.6799971461296,-5.67018503261352E-08,0
13.6999971419573,-1.74551118448107E-07,0
13.719997137785,-1.11383016587752E-07,0
13.7399971336126,-9.02240060440818E-08,0
13.7599971294403,-3.32185123852469E-08,0
13.779997125268,-3.11966346089321E-08,0
13.7999971210957,-6.57805969694891E-08,0
13.8199971169233,-8.26598665071288E-08,0
13.839997112751,-1.62118070079487E-07,0
13.8599971085787,-1.26544975387333E-07,0
13.8799971044064,-1.66348158359142E-07,0
13.899997100234,-1.44811906466202E-07,0
13.9199970960617,-1.3203738546963E-07,0
13.9399970918894,-5.33681969727695E-08,0
13.9599970877171,6.46785736080346E-09,0
13.9799970835447,7.87689202752517E-08,0
13.9999970793724,1.11184135676012E-07,0
14.0199970752001,6.89418158117405E-08,0
14.0399970710278,6.67139659071836E-08,0
14.0599970668554,3.06556131590696E-08,0
14.0799970626831,4.05167668304784E-08,0
14.0999970585108,6.34390175946464E-08,0
14.1199970543385,-2.85770340724412E-09,0
14.1399970501661,-7.50195852106117E-08,0
14.1599970459938,-6.00413443407888E-08,0
14.1799970418215,-1.20875924380925E-07,0
14.1999970376492,-1.76259888462482E-07,0
14.2199970334768,-2.60661764173165E-07,0
14.2399970293045,-2.2997473081432E-07,0
14.2599970251322,-2.34808879895354E-07,0
14.2799970209599,-1.29383138869343E-07,0
14.2999970167875,-7.65501795285672E-08,0
14.3199970126152,-8.38540472614113E-08,0
14.3399970084429,-2.17974331917503E-08,0
14.3599970042706,3.40922667874111E-08,0
14.3799970000982,9.40967339602139E-08,0
14.3999969959259,1.01013114317539E-07,0
14.4199969917536,7.89671190659647E-08,0
14.4399969875813,1.71872471810275E-08,0
14.4599969834089,2.38277948483301E-08,0
14.4799969792366,-2.16671054431572E-08,0
14.4999969750643,1.49249359537862E-08,0
14.519996970892,5.57582211513363E-08,0
14.5399969667196,5.3287536161406E-08,0
14.5599969625473,7.39541405891941E-09,0
14.579996958375,6.29583638556142E-08,0
14.5999969542027,1.11208748876379E-08,0
14.6199969500303,-2.63894008867283E-08,0
14.639996945858,-1.11283810610985E-07,0
14.6599969416857,-1.44680967650856E-07,0
14.6799969375134,-2.02060661536052E-07,0
14.699996933341,-1.82742212473386E-07,0
14.7199969291687,-2.05831042876525E-07,0
14.7399969249964,-1.03815423813103E-07,0
14.7599969208241,-1.04392753996763E-07,0
14.7799969166517,-1.36683794949022E-07,0
14.7999969124794,-1.10326041635744E-07,0
14.8199969083071,-5.03281967212388E-08,0
14.8399969041348,-1.21160610433435E-08,0
14.8599968999624,-5.89709259202209E-09,0
14.8799968957901,2.21946265810402E-08,0
14.8999968916178,-4.75392738508162E-08,0
14.9199968874455,1.93628437727966E-08,0
14.9399968832731,1.15178693249618E-08,0
14.9599968791008,3.19386828095958E-08,0
14.9799968749285,7.3182775395253E-08,0
14.9999968707561,1.07741925603477E-07,0
15.0199968665838,1.56084553282199E-07,0
15.0399968624115,2.46992556185432E-07,0
15.0599968582392,2.08703397674981E-07,0
15.0799968540668,1.17464054483207E-07,0
15.0999968498945,6.95545594453506E-08,0
15.1199968457222,6.40152961750573E-08,0
15.1399968415499,2.94778601528378E-09,0
15.1599968373775,-6.08403070145869E-08,0
15.1799968332052,-2.22185008169618E-08,0
15.1999968290329,-6.47826254862593E-08,0
15.2199968248606,-9.81208359007724E-09,0
15.2399968206882,6.16581417034467E-08,0
15.2599968165159,1.43260280083268E-07,0
15.2799968123436,2.82795284078929E-07,0
15.2999968081713,2.73708721465482E-07,0
15.3199968039989,2.39557778058952E-07,0
15.3399967998266,2.12581312553084E-07,0
15.3599967956543,2.24966299811058E-07,0
15.379996791482,2.06024324711507E-07,0
15.3999967873096,1.25517431115441E-07,0
15.4199967831373,9.66160769166891E-08,0
15.439996778965,9.32358830141311E-08,0
15.4599967747927,2.85948118516899E-08,0
15.4799967706203,-4.03709066176816E-08,0
15.499996766448,-6.86370498215183E-08,0
15.5199967622757,-7.66828947007525E-08,0
15.5399967581034,-7.96799497493339E-08,0
15.559996753931,-9.26841465798134E-08,0
15.5799967497587,-1.10965871158442E-07,0
15.5999967455864,-1.92592551684356E-07,0
15.6199967414141,-1.64175389727461E-07,0
15.6399967372417,-1.52769160877142E-07,0
15.6599967330694,-1.6677515191077E-07,0
15.6799967288971,-2.0053586524682E-07,0
15.6999967247248,-1.30919275420638E-07,0
15.7199967205524,-3.69973633951304E-08,0
15.7399967163801,1.95490628129846E-08,0
15.7599967122078,2.61326533745887E-08,0
15.7799967080355,2.72126357003799E-08,0
15.7999967038631,6.12729991189553E-08,0
15.8199966996908,6.27312175538464E-08,0
15.8399966955185,8.7520717784173E-08,0
15.8599966913462,3.45971500337328E-08,0
15.8799966871738,1.03743275303714E-07,0
15.8999966830015,8.87921487446874E-08,0
15.9199966788292,7.74650033008584E-08,0
15.9399966746569,3.16576915793121E-08,0
15.9599966704845,-4.87813167637796E-08,0
15.9799966663122,-1.31120359014858E-07,0
15.9999966621399,-1.63823145271635E-07,0
16.0199966579676,-1.49671421922903E-07,0
16.0399966537952,-1.03030217246669E-07,0
16.0599966496229,-1.56767754333487E-07,0
16.0799966454506,-1.70978097457919E-07,0
16.0999966412783,-1.76626826942083E-07,0
16.1199966371059,-1.19363420481022E-07,0
16.1399966329336,-6.15314661445154E-08,0
16.1599966287613,5.43734302027588E-09,0
16.179996624589,6.22931537463955E-08,0
16.1999966204166,5.42211324727759E-08,0
16.2199966162443,1.10169978029262E-07,0
16.239996612072,9.78884031610505E-08,0
16.2599966078997,1.91817505879044E-07,0
16.2799966037273,1.50014969335643E-07,0
16.299996599555,9.19222173934031E-08,0
16.3199965953827,9.78402141527113E-08,0
16.3399965912104,1.40167671247582E-07,0
16.359996587038,1.23435427212826E-07,0
16.3799965828657,1.37404654765305E-07,0
16.3999965786934,1.71659976899718E-07,0
16.4199965745211,8.58498054867596E-08,0
16.4399965703487,3.07854861603118E-08,0
16.4599965661764,-6.36709529544532E-08,0
16.4799965620041,-1.27474066857758E-07,0
16.4999965578318,-2.03722422043029E-07,0
16.5199965536594,-2.78561330446792E-07,0
16.5399965494871,-2.15772345768528E-07,0
16.5599965453148,-2.14507380746909E-07,0
16.5799965411425,-2.26744461429007E-07,0
16.5999965369701,-2.8272937413476E-07,0
16.6199965327978,-2.60859636114219E-07,0
16.6399965286255,-1.5674289954859E-07,0
16.6599965244532,-7.42978016887719E-08,0
16.6799965202808,-3.79200315592243E-08,0
16.6999965161085,6.56464038684135E-08,0
16.7199965119362,1.1669698096739E-08,0
16.7399965077639,-2.36630910421809E-08,0
16.7599965035915,-3.40970558454501E-08,0
16.7799964994192,3.71700963341937E-08,0
16.7999964952469,4.71006273983221E-08,0
16.8199964910746,1.13190722572654E-07,0
16.8399964869022,1.64894345289213E-07,0
16.8599964827299,1.78346127199802E-07,0
16.8799964785576,1.50071883808778E-07,0
16.8999964743853,1.38823693873746E-07,0
16.9199964702129,9.41728046655044E-08,0
16.9399964660406,1.05096845004482E-07,0
16.9599964618683,4.23567740881481E-08,0
16.979996457696,3.11247703166373E-08,0
16.9999964535236,-3.64033212463255E-08,0
17.0199964493513,-8.20353420749598E-08,0
17.039996445179,-2.9644809274032E-08,0
17.0599964410067,-4.85776610048561E-08,0
17.0799964368343,-7.29312148450845E-08,0
17.099996432662,-7.89366509934553E-08,0
17.1199964284897,-3.58518974508115E-08,0
17.1399964243174,-2.94522379817863E-08,0
17.159996420145,-5.20225285072229E-08,0
17.1799964159727,-1.22608270203273E-08,0
17.1999964118004,-4.18205701180341E-08,0
17.2199964076281,-5.33624131549004E-08,0
17.2399964034557,-2.69488538151563E-08,0
17.2599963992834,4.3401342963989E-08,0
17.2799963951111,2.48932110480382E-08,0
17.2999963909388,1.11553347892368E-07,0
17.3199963867664,6.7671336978492E-08,0
17.3399963825941,-6.87519587927454E-08,0
17.3599963784218,-1.24149593716538E-07,0
17.3799963742495,-1.47157805940878E-07,0
17.3999963700771,-1.57357845864681E-07,0
17.4199963659048,-1.12771445515136E-07,0
17.4399963617325,-1.36089497004832E-07,0
17.4599963575602,-1.34968857423701E-07,0
17.4799963533878,-7.92283856299036E-08,0
17.4999963492155,-2.8775488658539E-08,0
17.5199963450432,9.49659977322881E-08,0
17.5399963408709,1.2849488939537E-07,0
17.5599963366985,1.14628420533336E-07,0
17.5799963325262,1.9338526158208E-07,0
17.5999963283539,2.34143328725622E-07,0
17.6199963241816,1.54801938379023E-07,0
17.6399963200092,8.61464428680847E-08,0
17.6599963158369,1.37613653805602E-09,0
17.6799963116646,3.78726241478944E-08,0
17.6999963074923,5.33384962864147E-08,0
17.7199963033199,5.08474329308228E-08,0
17.7399962991476,3.22577022870973E-08,0
17.7599962949753,-2.36843504808348E-08,0
17.779996290803,-5.61647226504647E-08,0
17.7999962866306,-4.54814852446361E-08,0
17.8199962824583,-1.31031328010067E-08,0
17.839996278286,-3.78743862938791E-08,0
17.8599962741137,-4.68491663241366E-08,0
17.8799962699413,-2.47750051585172E-08,0
17.899996265769,-1.61831792411249E-08,0
17.9199962615967,1.17444045599768E-08,0
17.9399962574244,4.68903920136654E-08,0
17.959996253252,3.36824967916982E-08,0
17.9799962490797,2.95458448817953E-08,0
17.9999962449074,-2.58689567544934E-08,0
18.0199962407351,-4.78649155866151E-08,0
18.0399962365627,-1.1247983877638E-07,0
18.0599962323904,-1.82272003712569E-07,0
18.0799962282181,-1.84798395252983E-07,0
18.0999962240458,-1.20097084277404E-07,0
18.1199962198734,-3.99385555738263E-08,0
18.1399962157011,-2.76874771998337E-08,0
18.1599962115288,4.94388956440162E-08,0
18.1799962073565,9.51253582570644E-08,0
18.1999962031841,9.93162387885604E-08,0
18.2199961990118,1.00338240827114E-07,0
18.2399961948395,8.49237693500982E-08,0
18.2599961906672,1.01100837923696E-07,0
18.2799961864948,6.35015453553933E-08,0
18.2999961823225,4.82866511219981E-08,0
18.3199961781502,4.91916978262452E-08,0
18.3399961739779,3.50140396676579E-08,0
18.3599961698055,2.77474612175865E-08,0
18.3799961656332,-1.23935421925125E-08,0
18.3999961614609,-4.20103276610462E-08,0
18.4199961572886,-1.32935070951135E-07,0
18.4399961531162,-1.01725902368344E-07,0
18.4599961489439,5.2622795010393E-11,0
18.4799961447716,-4.33248033004929E-08,0
18.4999961405993,-6.85932235455766E-08,0
18.5199961364269,-1.02887298680798E-08,0
18.5399961322546,2.70755293740876E-08,0
18.5599961280823,8.79765025274537E-08,0
18.57999612391,1.25472752188216E-08,0
18.5999961197376,6.50565965543137E-08,0
18.6199961155653,-5.63280906362706E-08,0
18.639996111393,-1.85841599886771E-08,0
18.6599961072207,-4.3510070213415E-08,0
18.6799961030483,7.47991180105601E-09,0
18.699996098876,5.92536650856346E-08,0
18.7199960947037,9.39574391622955E-08,0
18.7399960905313,6.01513789888486E-08,0
18.759996086359,5.0728814926515E-08,0
18.7799960821867,-2.08606820706336E-08,0
18.7999960780144,1.82003816462384E-08,0
18.819996073842,2.81110317246203E-08,0
18.8399960696697,5.52767573935853E-08,0
18.8599960654974,-1.8599337181513E-08,0
18.8799960613251,1.66771485510253E-09,0
18.8999960571527,-2.84372134728983E-08,0
18.9199960529804,-6.76877078831239E-08,0
18.9399960488081,-1.43762648008305E-07,0
18.9599960446358,-1.72450398849833E-07,0
18.9799960404634,-2.06271025149363E-07,0
18.9999960362911,-2.11363754942795E-07,0
19.0199960321188,-1.67484870416956E-07,0
19.0399960279465,-1.99067500261663E-07,0
19.0599960237741,-1.13335957507843E-07,0
19.0799960196018,-7.19035284646452E-08,0
19.0999960154295,-2.55112411196023E-08,0
19.1199960112572,3.25323270544686E-08,0
19.1399960070848,3.26752029877753E-08,0
19.1599960029125,4.74251606874532E-08,0
19.1799959987402,6.386247264345E-08,0
19.1999959945679,4.51187958105947E-08,0
19.2199959903955,3.19785726787813E-08,0
19.2399959862232,1.02079965813573E-07,0
19.2599959820509,1.08481245320036E-07,0
19.2799959778786,1.58193302013387E-07,0
19.2999959737062,1.5716028656243E-07,0
19.3199959695339,2.15039534623429E-07,0
19.3399959653616,1.56910388682263E-07,0
19.3599959611893,8.67972858031862E-08,0
19.3799959570169,4.60055815665328E-08,0
19.3999959528446,-2.50736320595024E-10,0
19.4199959486723,-4.41612542090297E-08,0
19.4399959445,-9.40282092187772E-08,0
19.4599959403276,-1.35778776666484E-07,0
19.4799959361553,-1.68014750556722E-07,0
19.499995931983,-1.52908143036257E-07,0
19.5199959278107,-1.15917487164552E-07,0
19.5399959236383,-1.38713701858251E-07,0
19.559995919466,-1.52299747924189E-07,0
19.5799959152937,-1.29504257984081E-07,0
19.5999959111214,-7.51375921481667E-08,0
19.619995906949,-2.04210977017283E-08,0
19.6399959027767,5.8825818882724E-08,0
19.6599958986044,1.04072498174901E-07,0
19.6799958944321,1.61958340072488E-07,0
19.6999958902597,1.92388597497484E-07,0
19.7199958860874,2.28740674401706E-07,0
19.7399958819151,2.18469082824413E-07,0
19.7599958777428,5.20077065857549E-08,0
19.7799958735704,-2.01845864467032E-08,0
19.7999958693981,-1.36490427848912E-08,0
19.8199958652258,-3.79979923081919E-08,0
19.8399958610535,-4.82757513964316E-08,0
19.8599958568811,-6.24253004843922E-09,0
19.8799958527088,5.04599029227393E-09,0
19.8999958485365,2.64014232698173E-08,0
19.9199958443642,5.49986935993729E-08,0
19.9399958401918,-1.50977541579778E-09,0
19.9599958360195,5.57619728169811E-10,0
19.9799958318472,1.4375416412804E-08,0
19.9999958276749,6.97105093649952E-08,0
20.0199958235025,2.89458910174289E-08,-25.6623115539551
20.0399958193302,4.8562796450824E-08,-25.6623115539551
20.0599958151579,6.02550898065601E-08,-25.6622695922852
20.0799958109856,-0.195122517835358,-25.6599273681641
20.0999958068132,-0.390244401484935,-25.6533279418945
20.1199958026409,-0.585364802423214,-25.6419544219971
20.1399957984686,-0.780482370306672,-25.6261100769043
20.1599957942963,-0.975596214405002,-25.6062984466553
20.1799957901239,-1.1707058862667,-25.5826969146729
20.1999957859516,-1.36581086906176,-25.5553607940674
20.2199957817793,-1.56091036738286,-25.5241775512695
20.239995777607,-1.75600316770212,-25.4891109466553
20.2599957734346,-1.95108815085767,-25.4500789642334
20.2799957692623,-2.14616443601581,-25.4071350097656
20.29999576509,-2.34123116682704,-25.3602695465088
20.3199957609177,-2.53628743497573,-25.3095226287842
20.3399957567453,-2.7313323850431,-25.2548866271973
20.359995752573,-2.92636515681939,-25.1963348388672
20.3799957484007,-3.12138473891004,-25.1339073181152
20.3999957442284,-3.31639034079437,-25.0675392150879
20.419995740056,-3.51138111330918,-24.9973068237305
20.4399957358837,-3.70635609404042,-24.9231643676758
20.4599957317114,-3.90131432687616,-24.8451251983643
20.4799957275391,-4.09625503200766,-24.7631797790527
20.4999957233667,-4.2911771525869,-24.6773414611816
20.5199957191944,-4.48608008892479,-24.5875911712646
20.5399957150221,-4.68096253766947,-24.4939804077148
20.5599957108498,-4.87582401485905,-24.3964557647705
20.5799957066774,-5.07066340511177,-24.2950038909912
20.5999957025051,-5.26547993626117,-24.1896915435791
20.6199956983328,-5.46027258487106,-24.0804443359375
20.6399956941605,-5.65504062040455,-23.9673557281494
20.6599956899881,-5.84978299198266,-23.8503150939941
20.6799956858158,-6.04449887763441,-23.7294273376465
20.6999956816435,-6.23918740022611,-23.6046123504639
20.7199956774712,-6.43384763813869,-23.4759178161621
20.7399956732988,-6.62847880138786,-23.3433303833008
20.7599956691265,-6.8230799648836,-23.2068614959717
20.7799956649542,-7.01765027752738,-23.0664863586426
20.7999956607819,-7.21218881518772,-22.9222297668457
20.8199956566095,-7.40669463754331,-22.7740802764893
20.8399956524372,-7.60116685365661,-22.6220321655273
20.8599956482649,-7.79560464498468,-22.4661235809326
20.8799956440926,-7.99000703343231,-22.3062877655029
20.8999956399202,-8.18437340545513,-22.1425914764404
20.9199956357479,-8.37870263019335,-21.9750137329102
20.9399956315756,-8.57299385341994,-21.8035259246826
20.9599956274033,-8.76724629782686,-21.628173828125
20.9799956232309,-8.96145885468479,-21.4489078521729
20.9999956190586,-9.15563104613501,-21.2658004760742
21.0199956148863,-9.34976166807776,-21.0787620544434
21.039995610714,-9.54384990959613,-20.8878917694092
21.0599956065416,-9.73789471421977,-20.6931114196777
21.0799956023693,-9.93189560226098,-20.4944515228271
21.099995598197,-10.1258514996681,-20.2919254302979
21.1199955940247,-10.3197615988011,-20.0855236053467
21.1399955898523,-10.5136249523087,-19.87522315979
21.15999558568,-10.7074407245222,-19.6610774993896
21.1799955815077,-10.9012078805347,-19.4430198669434
21.1999955773354,-11.0949258326277,-19.2211132049561
21.219995573163,-11.2885935317663,-18.9953231811523
21.2399955689907,-11.4822100871538,-18.7656383514404
21.2599955648184,-11.675774337586,-18.5321388244629
21.2799955606461,-11.8692859626031,-18.2947425842285
21.2999955564737,-12.0627439311897,-18.0534648895264
21.3199955523014,-12.2561473752282,-17.8083095550537
21.3399955481291,-12.4494955155339,-17.5593357086182
21.3599955439568,-12.6427874881209,-17.3064498901367
21.3799955397844,-12.8360219636616,-17.049732208252
21.3999955356121,-13.0291986920487,-16.7891311645508
21.4199955314398,-13.2223162428881,-16.5246658325195
21.4399955272675,-13.4153741505805,-16.2563552856445
21.4599955230951,-13.6083713715625,-15.9841604232788
21.4799955189228,-13.8013072895589,-15.7081346511841
21.4999955147505,-13.9941807055361,-15.4282245635986
21.5199955105782,-14.1869908473973,-15.1444816589355
21.5399955064058,-14.3797369288462,-14.856858253479
21.5599955022335,-14.5724184089113,-14.5653839111328
21.5799954980612,-14.7650339446546,-14.270076751709
21.5999954938889,-14.9575828631181,-13.9708881378174
21.6199954897165,-15.1484422613582,-13.6678953170776
21.6399954855442,-15.2265754309462,-13.3624439239502
21.6599954813719,-15.1813744770276,-13.0571136474609
21.6799954771996,-15.0025621043473,-12.7549962997437
21.6999954730272,-14.7057427951961,-12.4589757919312
21.7199954688549,-14.3718297717103,-12.170524597168
21.7399954646826,-14.0380497523025,-11.8897457122803
21.7599954605103,-13.7043963995129,-11.6160411834717
21.7799954563379,-13.3708585861412,-11.3489170074463
21.7999954521656,-13.037428806125,-11.0882139205933
21.8199954479933,-12.7041044182943,-10.8340864181519
21.839995443821,-12.3708839112549,-10.5865831375122
21.8599954396486,-12.0377658675952,-10.3457689285278
21.8799954354763,-11.7047483821183,-10.1116647720337
21.899995431304,-11.3718286034998,-9.88419055938721
21.9199954271317,-11.039003495727,-9.66341304779053
21.9399954229593,-10.7062696525192,-9.44930076599121
21.959995418787,-10.3736246314677,-9.24181938171387
21.9799954146147,-10.041065713249,-9.04097366333008
21.9999954104424,-9.70859007648056,-8.8467903137207
22.01999540627,-9.37991016551396,-8.65919971466064
22.0399954020977,-9.05903632841242,-8.47808933258057
22.0599953979254,-8.75011534167867,-8.3032169342041
22.0799953937531,-8.45655317412609,-8.13426494598389
22.0999953895807,-8.18086037981519,-7.97088527679443
22.1199953854084,-7.9245090865753,-7.81265640258789
22.1399953812361,-7.6879992551132,-7.65913534164429
22.1599953770638,-7.47098262411382,-7.50996971130371
22.1799953728914,-7.27242894221081,-7.36474132537842
22.1999953687191,-7.09080773218274,-7.22315979003906
22.2199953645468,-6.92428467617837,-7.08483076095581
22.2399953603745,-6.77086470974295,-6.94958686828613
22.2599953562021,-6.62854860462407,-6.81713819503784
22.2799953520298,-6.49540388415521,-6.68732500076294
22.2999953478575,-6.36968255588039,-6.56001615524292
22.3199953436852,-6.24983126526867,-6.43509292602539
22.3399953395128,-6.13453936870586,-6.31244850158691
22.3599953353405,-6.0227381936556,-6.19199419021606
22.3799953311682,-5.91359224294548,-6.07376289367676
22.3999953269959,-5.80647302464172,-5.95761871337891
22.4199953228235,-5.70093323328939,-5.84360790252686
22.4399953186512,-5.59669974720651,-5.73166847229004
22.4599953144789,-5.49360416083674,-5.62180376052856
22.4799953103065,-5.39159357607601,-5.51398372650146
22.4999953061342,-5.29067419436161,-5.40815877914429
22.5199953019619,-5.19090755896076,-5.30433654785156
22.5399952977896,-5.09237941005792,-5.20248317718506
22.5599952936172,-4.99518094073692,-5.10259962081909
22.5799952894449,-4.89940989440176,-5.00461149215698
22.5999952852726,-4.80515299659025,-4.90851879119873
22.6199952811003,-4.71249111029854,-4.81426000595093
22.6399952769279,-4.6214779550014,-4.72183895111084
22.6599952727556,-4.5321565575784,-4.63119554519653
22.6799952685833,-4.44454488250423,-4.54232835769653
22.699995264411,-4.35865427087055,-4.45515155792236
22.7199952602386,-4.27447591005168,-4.36967706680298
22.7399952560663,-4.19199843042819,-4.2858452796936
22.759995251894,-4.11118922236379,-4.20362663269043
22.7799952477217,-4.03201997451212,-4.12299394607544
22.7999952435493,-3.95445094447531,-4.0439133644104
22.819995239377,-3.87844202891351,-3.96633195877075
22.8399952352047,-3.80395217489964,-3.89027428627014
22.8599952310324,-3.7309408266641,-3.81566739082336
22.87999522686,-3.6593635521216,-3.74251532554626
22.8999952226877,-3.58918965980288,-3.67070603370667
22.9199952185154,-3.5203809986358,-3.60030817985535
22.9399952143431,-3.45291019016852,-3.53125357627869
22.9599952101707,-3.3867316466884,-3.46350479125977
22.9799952059984,-3.32182297645099,-3.39708876609802
22.9999952018261,-3.25815361970666,-3.3319137096405
23.0199951976538,-3.19569465753773,-3.26799917221069
23.0399951934814,-3.13442903312006,-3.20532917976379
23.0599951893091,-3.07432670996828,-3.14384269714355
23.0799951851368,-3.01536911473156,-3.08352661132813
23.0999951809645,-2.95753858267064,-3.02437973022461
23.1199951767921,-2.90081155294271,-2.96636056900024
23.1399951726198,-2.84516603112725,-2.9094512462616
23.1599951684475,-2.79058450880072,-2.85365128517151
23.1799951642752,-2.737045984811,-2.79890251159668
23.1999951601028,-2.68453112002751,-2.74522256851196
23.2199951559305,-2.63302482130561,-2.69256234169006
23.2399951517582,-2.58250461486701,-2.64090943336487
23.2599951475859,-2.53295648895481,-2.59023284912109
23.2799951434135,-2.48435959113125,-2.54053568840027
23.2999951392412,-2.43669562007064,-2.49181509017944
23.3199951350689,-2.38994286741044,-2.44399762153625
23.3399951308966,-2.34408507723928,-2.39712691307068
23.3599951267242,-2.29911012258933,-2.35114526748657
23.3799951225519,-2.25499497825848,-2.30602335929871
23.3999951183796,-2.21173020707072,-2.26179099082947
23.4199951142073,-2.1692968240894,-2.21841716766357
23.4399951100349,-2.12767441415035,-2.1758394241333
23.4599951058626,-2.08685203999904,-2.13412618637085
23.4799951016903,-2.04681657981864,-2.09319376945496
23.499995097518,-2.00754540230963,-2.05301642417908
23.5199950933456,-1.96903444051267,-2.0136251449585
23.5399950891733,-1.93126428987645,-0.5
23.559995085001,-1.89421481865142,-0.5
23.5799950808287,-1.85787387735932,-0.5
23.5999950766563,-1.52665146396227,-0.5
23.619995072484,-1.1954456033788,-0.5
23.6399950683117,-0.864258982328636,-0.5
23.6599950641394,-0.582282863893184,-0.5
23.679995059967,-0.356127959910765,-0.5
23.6999950557947,-0.192409235655717,-0.5
23.7199950516224,-0.0864057236629634,-0.5
23.7399950474501,-0.0308898493664884,-0.5
23.7599950432777,-0.015992315378071,-0.5
23.7799950391054,-0.0316829112304617,-0.5
23.7999950349331,-0.0684432648752988,-0.5
23.8199950307608,-0.118020032832746,-0.5
23.8399950265884,-0.173659694022177,-0.5
23.8599950224161,-0.230191237510127,-0.5
23.8799950182438,-0.283924774821216,-0.5
23.8999950140715,-0.33247108804305,-0.5
23.9199950098991,-0.37451181140969,-0.5
23.9399950057268,-0.409561350579452,-0.5
23.9599950015545,-0.437740824837647,-0.5
23.9799949973822,-0.459579193378787,-0.5
23.9999949932098,-0.475847365178367,-0.5
24.0199949890375,-0.487428171535626,-0.5
24.0399949848652,-0.495219787739586,-0.5
24.0599949806929,-0.500069538040052,-0.5
24.0799949765205,-0.502732747514884,-0.5
24.0999949723482,-0.503851312440531,-0.5
24.1199949681759,-0.503947536733989,-0.5
24.1399949640036,-0.503428509346335,-0.5
24.1599949598312,-0.502597055865508,-0.5
24.1799949556589,-0.501666484232004,-0.5
24.1999949514866,-0.500776734386889,-0.5
24.2199949473143,-0.500010158323889,-0.5
24.2399949431419,-0.499406242276692,-0.5
24.2599949389696,-0.498974209150887,-0.5
24.2799949347973,-0.498703379134781,-0.5
24.299994930625,-0.498571577909047,-0.5
24.3199949264526,-0.498551364350789,-0.5
24.3399949222803,-0.498614267447792,-0.5
24.359994918108,-0.498733390601174,-0.5
24.3799949139357,-0.498885804253064,-0.5
24.3999949097633,-0.499052701419529,-0.5
24.419994905591,-0.499219883890859,-0.5
24.4399949014187,-0.49937739890072,-0.5
24.4599948972464,-0.499518861800439,-0.5
24.479994893074,-0.499640698150628,-0.5
24.4999948889017,-0.499741932122319,-0.5
24.5199948847294,-0.49982307188732,-0.5
24.5399948805571,-0.499885729887026,-0.5
24.5599948763847,-0.499932296683582,-0.5
24.5799948722124,-0.499965421982395,-0.5
24.5999948680401,-0.499987659800269,-0.5
24.6199948638678,-0.50000155321635,-0.5
24.6399948596954,-0.500009248512796,-0.5
24.6599948555231,-0.500012607591941,-0.5
24.6799948513508,-0.500013010522721,-0.5
24.6999948471785,-0.500011705489698,-0.5
24.7199948430061,-0.500009427879988,-0.5
24.7399948388338,-0.500006833929845,-0.5
24.7599948346615,-0.500004438187247,-0.5
24.7799948304892,-0.500002315502812,-0.5
24.7999948263168,-0.500000682014019,-0.5
24.8199948221445,-0.499999443938407,-0.5
24.8399948179722,-0.499998749409301,-0.5
24.8599948137999,-0.499998482606188,-0.5
24.8799948096275,-0.499998501839556,-0.5
24.8999948054552,-0.499998793361812,-0.5
24.9199948012829,-0.499999153721461,-0.5
24.9399947971106,-0.499999603738132,-0.5
24.9599947929382,-0.500000141134635,-0.5
24.9799947887659,-0.500000665130827,-0.5
24.9999947845936,-0.500001176066391,-0.5
25.0199947804213,-0.500001572656785,-0.5
25.0399947762489,-0.500001987724175,-0.5
25.0599947720766,-0.500002289253686,-0.5
25.0799947679043,-0.500002543610577,-0.5
25.099994763732,-0.500002668082928,-0.5
25.1199947595596,-0.500002774790019,-0.5
25.1399947553873,-0.500002890211775,-0.5
25.159994751215,-0.50000293251405,-0.5
25.1799947470427,-0.50000302494648,-0.5
25.1999947428703,-0.500003026380767,-0.5
25.219994738698,-0.500003050861153,-0.5
25.2399947345257,-0.500003025399522,-0.5
25.2599947303534,-0.500003012313741,-0.5
25.279994726181,-0.500003022336571,-0.5
25.2999947220087,-0.500003009867768,-0.5
25.3199947178364,-0.500002992009485,-0.5
25.3399947136641,-0.500003012580351,-0.5
25.3599947094917,-0.50000303957134,-0.5
25.3799947053194,-0.500003024262369,-0.5
25.3999947011471,-0.500003029980718,-0.5
25.4199946969748,-0.500003070129154,-0.5
25.4399946928024,-0.500003066118708,-0.5
25.4599946886301,-0.500003015256326,-0.5
25.4799946844578,-0.500002981110555,-0.5
25.4999946802855,-0.500002910602475,-0.5
25.5199946761131,-0.500002891931132,-0.5
25.5399946719408,-0.500002912302932,-0.5
25.5599946677685,-0.500002929812212,-0.5
25.5799946635962,-0.500002963283009,-0.5
25.5999946594238,-0.500002896215193,-0.5
25.6199946552515,-0.500003001668546,-0.5
25.6399946510792,-0.500003046443112,-0.5
25.6599946469069,-0.500003138889753,-0.5
25.6799946427345,-0.500003084573578,-0.5
25.6999946385622,-0.500003113973492,-0.5
25.7199946343899,-0.500003060272363,-0.5
25.7399946302176,-0.500003053181487,-0.5
25.7599946260452,-0.500003094398267,-0.5
25.7799946218729,-0.500003071787063,-0.5
25.7999946177006,-0.500003125557697,-0.5
25.8199946135283,-0.500003074313,-0.5
25.8399946093559,-0.500003047755598,-0.5
25.8599946051836,-0.50000300585377,-0.5
